{
  "Total" : {
    "transaction" : "Total",
    "sampleCount" : 250,
    "errorCount" : 0,
    "errorPct" : 0.0,
    "meanResTime" : 57.347999999999985,
    "medianResTime" : 57.0,
    "minResTime" : 53.0,
    "maxResTime" : 115.0,
    "pct1ResTime" : 60.0,
    "pct2ResTime" : 60.44999999999999,
    "pct3ResTime" : 63.0,
    "throughput" : 25.206694898164955,
    "receivedKBytesPerSec" : 7.138614766081872,
    "sentKBytesPerSec" : 6.498601028433153
  },
  "POST Transfer API" : {
    "transaction" : "POST Transfer API",
    "sampleCount" : 250,
    "errorCount" : 0,
    "errorPct" : 0.0,
    "meanResTime" : 57.347999999999985,
    "medianResTime" : 57.0,
    "minResTime" : 53.0,
    "maxResTime" : 115.0,
    "pct1ResTime" : 60.0,
    "pct2ResTime" : 60.44999999999999,
    "pct3ResTime" : 63.0,
    "throughput" : 25.206694898164955,
    "receivedKBytesPerSec" : 7.138614766081872,
    "sentKBytesPerSec" : 6.498601028433153
  }
}